Wk,Day,Date,Time,Home,Score,Away,Attendance,Venue,Referee,Match Report,Notes
1,Fri,2026-08-14,21:30,Galatasaray,2–2,Yeni Çorumspor,43706,RAMS Park,Batuhan Kolak,Match Report,
1,Sat,2026-08-15,19:00,Kasımpaşa,1–1,Trabzonspor,,Recep Tayyip Erdoğan Stadyumu,Gürcan Hasova,Match Report,
1,Sat,2026-08-15,19:00,Konyaspor,0–1,Rizespor,,Konya Büyükşehir Stadı,Cihan Aydın,Match Report,
1,Sat,2026-08-15,21:30,Gençlerbirliği,2–1,Fenerbahçe,,Eryaman Stadyumu,Oğuzhan Aksu,Match Report,
1,Sat,2026-08-15,21:30,Gaziantep,1–1,Alanyaspor,,Gaziantep Stadyumu,Yasin Kol,Match Report,
1,Sun,2026-08-16,19:00,Başakşehir,2–0,Kocaelispor,,Başakşehir Fatih Terim Stadium,Mehmet Türkmen,Match Report,
1,Sun,2026-08-16,21:30,Beşiktaş,1–0,Eyüpspor,30929,Tüpraş Stadyumu,Oğuzhan Çakir,Match Report,
1,Sun,2026-08-16,21:30,Amedspor,3–0,Erzurum BB,,Diyarbakır Yeni Stadyumu,Halil Umut Meler,Match Report,
1,Mon,2026-08-17,21:30,Samsunspor,3–3,Göztepe,,Yeni 19 Mayıs Stadyumu,Kadir Sağlam,Match Report,
,,,,,,,,,,,
2,Fri,2026-08-21,21:30,Erzurum BB,0–4,Galatasaray,19099,Kazım Karabekir Stadyumu,Çağdaş Altay,Match Report,
2,Sat,2026-08-22,19:00,Yeni Çorumspor,0–1,Kasımpaşa,,Çorum Şehir Stadyumu,Fatih Tokail,Match Report,
2,Sat,2026-08-22,19:00,Rizespor,0–2,Samsunspor,,Çaykur Didi Stadyumu,Ömer Faruk Turtay,Match Report,
2,Sat,2026-08-22,21:30,Fenerbahçe,4–2,Konyaspor,,Chobani Stadyumu Fenerbahçe Şükrü Saraco...,Atilla Karaoğlan,Match Report,
2,Sun,2026-08-23,19:00,Trabzonspor,2–1,Başakşehir,,Papara Park Stadyumu,Ali Şansalan,Match Report,
2,Sun,2026-08-23,19:00,Eyüpspor,0–1,Gaziantep,,Necmi Kadıoğlu Stadyumu,Reşat Onur Coşkunses,Match Report,
2,Sun,2026-08-23,21:30,Alanyaspor,1–0,Beşiktaş,,GAİN Park Stadyumu,Adnan Deniz Kayatepe,Match Report,
2,Sun,2026-08-23,21:30,Göztepe,0–1,Gençlerbirliği,,Gürsel Aksel Stadyumu,Batuhan Kolak,Match Report,
2,Mon,2026-08-24,21:30,Kocaelispor,2–0,Amedspor,23065,Yıldız Entegre Kocaeli Stadyumu,Umit Öztürk,Match Report,
,,,,,,,,,,,
3,Fri,2026-08-28,21:30,Gençlerbirliği,1–1,Erzurum BB,15171,Eryaman Stadyumu,Umit Öztürk,Match Report,
3,Sat,2026-08-29,19:00,Konyaspor,1–2,Kocaelispor,,Konya Büyükşehir Stadı,Gürcan Hasova,Match Report,
3,Sat,2026-08-29,21:30,Galatasaray,3–2,Göztepe,,RAMS Park,Mehmet Türkmen,Match Report,
3,Sat,2026-08-29,21:30,Gaziantep,1–2,Rizespor,,Gaziantep Stadyumu,Batuhan Kolak,Match Report,
3,Sun,2026-08-30,19:00,Eyüpspor,2–1,Alanyaspor,,Necmi Kadıoğlu Stadyumu,Cihan Aydın,Match Report,
3,Sun,2026-08-30,21:30,Samsunspor,0–2,Fenerbahçe,12794,Yeni 19 Mayıs Stadyumu,Yasin Kol,Match Report,
3,Sun,2026-08-30,21:30,Başakşehir,1–1,Kasımpaşa,,Başakşehir Fatih Terim Stadium,Halil Umut Meler,Match Report,
3,Mon,2026-08-31,21:30,Beşiktaş,6–2,Yeni Çorumspor,38037,Tüpraş Stadyumu,Çağdaş Altay,Match Report,
3,Mon,2026-08-31,21:30,Amedspor,2–1,Trabzonspor,906,Diyarbakır Yeni Stadyumu,Atilla Karaoğlan,Match Report,
,,,,,,,,,,,
Wk,Day,Date,Time,Home,Score,Away,Attendance,Venue,Referee,Match Report,Notes
4,Fri,2026-09-04,20:00,Başakşehir,2–3,Galatasaray,,Başakşehir Fatih Terim Stadium,Kadir Sağlam,Match Report,
4,Sat,2026-09-05,17:00,Erzurum BB,1–0,Konyaspor,,Kazım Karabekir Stadyumu,Yasin Kol,Match Report,
4,Sat,2026-09-05,20:00,Fenerbahçe,1–2,Beşiktaş,,Chobani Stadyumu Fenerbahçe Şükrü Saraco...,Halil Umut Meler,Match Report,
4,Sun,2026-09-06,17:00,Kasımpaşa,2–2,Amedspor,,Recep Tayyip Erdoğan Stadyumu,Oğuzhan Çakir,Match Report,
4,Sun,2026-09-06,17:00,Yeni Çorumspor,3–0,Eyüpspor,,Çorum Şehir Stadyumu,Davut Dakul Çelik,Match Report,
4,Sun,2026-09-06,20:00,Kocaelispor,1–0,Samsunspor,589,Yıldız Entegre Kocaeli Stadyumu,Reşat Onur Coşkunses,Match Report,
4,Sun,2026-09-06,20:00,Trabzonspor,5–0,Gençlerbirliği,34821,Papara Park Stadyumu,Çağdaş Altay,Match Report,
4,Mon,2026-09-07,20:00,Göztepe,2–4,Gaziantep,,Gürsel Aksel Stadyumu,Umit Öztürk,Match Report,
4,Mon,2026-09-07,20:00,Rizespor,0–1,Alanyaspor,,Çaykur Didi Stadyumu,Abdullah Taşkınsoy,Match Report,
,,,,,,,,,,,
5,Fri,2026-09-11,20:00,Beşiktaş,,Erzurum BB,,Tüpraş Stadyumu,,Head-to-Head,
5,Sat,2026-09-12,17:00,Samsunspor,,Yeni Çorumspor,,Yeni 19 Mayıs Stadyumu,,Head-to-Head,
5,Sat,2026-09-12,17:00,Eyüpspor,,Rizespor,,Necmi Kadıoğlu Stadyumu,,Head-to-Head,
5,Sat,2026-09-12,20:00,Konyaspor,,Trabzonspor,,Konya Büyükşehir Stadı,,Head-to-Head,
5,Sat,2026-09-12,20:00,Alanyaspor,,Göztepe,,GAİN Park Stadyumu,,Head-to-Head,
5,Sun,2026-09-13,17:00,Gençlerbirliği,,Kasımpaşa,,Eryaman Stadyumu,,Head-to-Head,
5,Sun,2026-09-13,20:00,Amedspor,,Başakşehir,,Diyarbakır Yeni Stadyumu,,Head-to-Head,
5,Sun,2026-09-13,20:00,Galatasaray,,Kocaelispor,,RAMS Park,,Head-to-Head,
5,Mon,2026-09-14,20:00,Gaziantep,,Fenerbahçe,,Gaziantep Stadyumu,,Head-to-Head,
,,,,,,,,,,,
6,Fri,2026-09-18,20:00,Kasımpaşa,,Konyaspor,,Recep Tayyip Erdoğan Stadyumu,,Head-to-Head,
6,Sat,2026-09-19,17:00,Kocaelispor,,Gaziantep,,Yıldız Entegre Kocaeli Stadyumu,,Head-to-Head,
6,Sat,2026-09-19,17:00,Yeni Çorumspor,,Alanyaspor,,Çorum Şehir Stadyumu,,Head-to-Head,
6,Sat,2026-09-19,20:00,Başakşehir,,Gençlerbirliği,,Başakşehir Fatih Terim Stadium,,Head-to-Head,
6,Sat,2026-09-19,20:00,Trabzonspor,,Galatasaray,,Papara Park Stadyumu,,Head-to-Head,
6,Sun,2026-09-20,17:00,Erzurum BB,,Samsunspor,,Kazım Karabekir Stadyumu,,Head-to-Head,
6,Sun,2026-09-20,17:00,Fenerbahçe,,Eyüpspor,,Chobani Stadyumu Fenerbahçe Şükrü Saraco...,,Head-to-Head,
6,Sun,2026-09-20,20:00,Göztepe,,Rizespor,,Gürsel Aksel Stadyumu,,Head-to-Head,
6,Sun,2026-09-20,20:00,Amedspor,,Beşiktaş,,Diyarbakır Yeni Stadyumu,,Head-to-Head,
,,,,,,,,,,,
Wk,Day,Date,Time,Home,Score,Away,Attendance,Venue,Referee,Match Report,Notes
7,Sun,2026-10-11,,Eyüpspor,,Göztepe,,Necmi Kadıoğlu Stadyumu,,Head-to-Head,
7,Sun,2026-10-11,,Rizespor,,Fenerbahçe,,Çaykur Didi Stadyumu,,Head-to-Head,
7,Sun,2026-10-11,,Beşiktaş,,Kocaelispor,,Tüpraş Stadyumu,,Head-to-Head,
7,Sun,2026-10-11,,Alanyaspor,,Erzurum BB,,GAİN Park Stadyumu,,Head-to-Head,
7,Sun,2026-10-11,,Samsunspor,,Trabzonspor,,Yeni 19 Mayıs Stadyumu,,Head-to-Head,
7,Sun,2026-10-11,,Konyaspor,,Başakşehir,,Konya Büyükşehir Stadı,,Head-to-Head,
7,Sun,2026-10-11,,Gaziantep,,Yeni Çorumspor,,Gaziantep Stadyumu,,Head-to-Head,
7,Sun,2026-10-11,,Galatasaray,,Kasımpaşa,,RAMS Park,,Head-to-Head,
7,Sun,2026-10-11,,Gençlerbirliği,,Amedspor,,Eryaman Stadyumu,,Head-to-Head,
,,,,,,,,,,,
8,Sun,2026-10-18,,Yeni Çorumspor,,Rizespor,,Çorum Şehir Stadyumu,,Head-to-Head,
8,Sun,2026-10-18,,Kasımpaşa,,Samsunspor,,Recep Tayyip Erdoğan Stadyumu,,Head-to-Head,
8,Sun,2026-10-18,,Fenerbahçe,,Alanyaspor,,Chobani Stadyumu Fenerbahçe Şükrü Saraco...,,Head-to-Head,
8,Sun,2026-10-18,,Amedspor,,Konyaspor,,Diyarbakır Yeni Stadyumu,,Head-to-Head,
8,Sun,2026-10-18,,Başakşehir,,Gaziantep,,Başakşehir Fatih Terim Stadium,,Head-to-Head,
8,Sun,2026-10-18,,Kocaelispor,,Göztepe,,Yıldız Entegre Kocaeli Stadyumu,,Head-to-Head,
8,Sun,2026-10-18,,Gençlerbirliği,,Galatasaray,,Eryaman Stadyumu,,Head-to-Head,
8,Sun,2026-10-18,,Trabzonspor,,Beşiktaş,,Papara Park Stadyumu,,Head-to-Head,
8,Sun,2026-10-18,,Erzurum BB,,Eyüpspor,,Kazım Karabekir Stadyumu,,Head-to-Head,
,,,,,,,,,,,
9,Sun,2026-10-25,,Beşiktaş,,Başakşehir,,Tüpraş Stadyumu,,Head-to-Head,
9,Sun,2026-10-25,,Galatasaray,,Fenerbahçe,,RAMS Park,,Head-to-Head,
9,Sun,2026-10-25,,Alanyaspor,,Kocaelispor,,GAİN Park Stadyumu,,Head-to-Head,
9,Sun,2026-10-25,,Konyaspor,,Gençlerbirliği,,Konya Büyükşehir Stadı,,Head-to-Head,
9,Sun,2026-10-25,,Rizespor,,Trabzonspor,,Çaykur Didi Stadyumu,,Head-to-Head,
9,Sun,2026-10-25,,Gaziantep,,Erzurum BB,,Gaziantep Stadyumu,,Head-to-Head,
9,Sun,2026-10-25,,Göztepe,,Yeni Çorumspor,,Gürsel Aksel Stadyumu,,Head-to-Head,
9,Sun,2026-10-25,,Samsunspor,,Amedspor,,Yeni 19 Mayıs Stadyumu,,Head-to-Head,
9,Sun,2026-10-25,,Eyüpspor,,Kasımpaşa,,Necmi Kadıoğlu Stadyumu,,Head-to-Head,
,,,,,,,,,,,
Wk,Day,Date,Time,Home,Score,Away,Attendance,Venue,Referee,Match Report,Notes
10,Sun,2026-11-01,,Kasımpaşa,,Beşiktaş,,Recep Tayyip Erdoğan Stadyumu,,Head-to-Head,
10,Sun,2026-11-01,,Fenerbahçe,,Göztepe,,Chobani Stadyumu Fenerbahçe Şükrü Saraco...,,Head-to-Head,
10,Sun,2026-11-01,,Amedspor,,Eyüpspor,,Diyarbakır Yeni Stadyumu,,Head-to-Head,
10,Sun,2026-11-01,,Trabzonspor,,Gaziantep,,Papara Park Stadyumu,,Head-to-Head,
10,Sun,2026-11-01,,Konyaspor,,Galatasaray,,Konya Büyükşehir Stadı,,Head-to-Head,
10,Sun,2026-11-01,,Başakşehir,,Samsunspor,,Başakşehir Fatih Terim Stadium,,Head-to-Head,
10,Sun,2026-11-01,,Gençlerbirliği,,Alanyaspor,,Eryaman Stadyumu,,Head-to-Head,
10,Sun,2026-11-01,,Kocaelispor,,Rizespor,,Yıldız Entegre Kocaeli Stadyumu,,Head-to-Head,
10,Sun,2026-11-01,,Erzurum BB,,Yeni Çorumspor,,Kazım Karabekir Stadyumu,,Head-to-Head,
,,,,,,,,,,,
11,Sun,2026-11-08,,Galatasaray,,Amedspor,,RAMS Park,,Head-to-Head,
11,Sun,2026-11-08,,Yeni Çorumspor,,Fenerbahçe,,Çorum Şehir Stadyumu,,Head-to-Head,
11,Sun,2026-11-08,,Göztepe,,Başakşehir,,Gürsel Aksel Stadyumu,,Head-to-Head,
11,Sun,2026-11-08,,Samsunspor,,Konyaspor,,Yeni 19 Mayıs Stadyumu,,Head-to-Head,
11,Sun,2026-11-08,,Alanyaspor,,Trabzonspor,,GAİN Park Stadyumu,,Head-to-Head,
11,Sun,2026-11-08,,Gaziantep,,Kasımpaşa,,Gaziantep Stadyumu,,Head-to-Head,
11,Sun,2026-11-08,,Beşiktaş,,Gençlerbirliği,,Tüpraş Stadyumu,,Head-to-Head,
11,Sun,2026-11-08,,Rizespor,,Erzurum BB,,Çaykur Didi Stadyumu,,Head-to-Head,
11,Sun,2026-11-08,,Eyüpspor,,Kocaelispor,,Necmi Kadıoğlu Stadyumu,,Head-to-Head,
,,,,,,,,,,,
12,Sun,2026-11-22,,Erzurum BB,,Göztepe,,Kazım Karabekir Stadyumu,,Head-to-Head,
12,Sun,2026-11-22,,Kocaelispor,,Fenerbahçe,,Yıldız Entegre Kocaeli Stadyumu,,Head-to-Head,
12,Sun,2026-11-22,,Başakşehir,,Yeni Çorumspor,,Başakşehir Fatih Terim Stadium,,Head-to-Head,
12,Sun,2026-11-22,,Amedspor,,Rizespor,,Diyarbakır Yeni Stadyumu,,Head-to-Head,
12,Sun,2026-11-22,,Konyaspor,,Beşiktaş,,Konya Büyükşehir Stadı,,Head-to-Head,
12,Sun,2026-11-22,,Gençlerbirliği,,Gaziantep,,Eryaman Stadyumu,,Head-to-Head,
12,Sun,2026-11-22,,Galatasaray,,Samsunspor,,RAMS Park,,Head-to-Head,
12,Sun,2026-11-22,,Trabzonspor,,Eyüpspor,,Papara Park Stadyumu,,Head-to-Head,
12,Sun,2026-11-22,,Kasımpaşa,,Alanyaspor,,Recep Tayyip Erdoğan Stadyumu,,Head-to-Head,
,,,,,,,,,,,
Wk,Day,Date,Time,Home,Score,Away,Attendance,Venue,Referee,Match Report,Notes
13,Sun,2026-11-29,,Fenerbahçe,,Erzurum BB,,Chobani Stadyumu Fenerbahçe Şükrü Saraco...,,Head-to-Head,
13,Sun,2026-11-29,,Gaziantep,,Amedspor,,Gaziantep Stadyumu,,Head-to-Head,
13,Sun,2026-11-29,,Göztepe,,Trabzonspor,,Gürsel Aksel Stadyumu,,Head-to-Head,
13,Sun,2026-11-29,,Beşiktaş,,Galatasaray,,Tüpraş Stadyumu,,Head-to-Head,
13,Sun,2026-11-29,,Rizespor,,Kasımpaşa,,Çaykur Didi Stadyumu,,Head-to-Head,
13,Sun,2026-11-29,,Samsunspor,,Gençlerbirliği,,Yeni 19 Mayıs Stadyumu,,Head-to-Head,
13,Sun,2026-11-29,,Alanyaspor,,Konyaspor,,GAİN Park Stadyumu,,Head-to-Head,
13,Sun,2026-11-29,,Yeni Çorumspor,,Kocaelispor,,Çorum Şehir Stadyumu,,Head-to-Head,
13,Sun,2026-11-29,,Eyüpspor,,Başakşehir,,Necmi Kadıoğlu Stadyumu,,Head-to-Head,
,,,,,,,,,,,
14,Sun,2026-12-06,,Kasımpaşa,,Göztepe,,Recep Tayyip Erdoğan Stadyumu,,Head-to-Head,
14,Sun,2026-12-06,,Erzurum BB,,Kocaelispor,,Kazım Karabekir Stadyumu,,Head-to-Head,
14,Sun,2026-12-06,,Konyaspor,,Gaziantep,,Konya Büyükşehir Stadı,,Head-to-Head,
14,Sun,2026-12-06,,Başakşehir,,Fenerbahçe,,Başakşehir Fatih Terim Stadium,,Head-to-Head,
14,Sun,2026-12-06,,Gençlerbirliği,,Eyüpspor,,Eryaman Stadyumu,,Head-to-Head,
14,Sun,2026-12-06,,Amedspor,,Alanyaspor,,Diyarbakır Yeni Stadyumu,,Head-to-Head,
14,Sun,2026-12-06,,Beşiktaş,,Samsunspor,,Tüpraş Stadyumu,,Head-to-Head,
14,Sun,2026-12-06,,Trabzonspor,,Yeni Çorumspor,,Papara Park Stadyumu,,Head-to-Head,
14,Sun,2026-12-06,,Galatasaray,,Rizespor,,RAMS Park,,Head-to-Head,
,,,,,,,,,,,
15,Sun,2026-12-13,,Kocaelispor,,Gençlerbirliği,,Yıldız Entegre Kocaeli Stadyumu,,Head-to-Head,
15,Sun,2026-12-13,,Eyüpspor,,Galatasaray,,Necmi Kadıoğlu Stadyumu,,Head-to-Head,
15,Sun,2026-12-13,,Göztepe,,Konyaspor,,Gürsel Aksel Stadyumu,,Head-to-Head,
15,Sun,2026-12-13,,Erzurum BB,,Kasımpaşa,,Kazım Karabekir Stadyumu,,Head-to-Head,
15,Sun,2026-12-13,,Yeni Çorumspor,,Amedspor,,Çorum Şehir Stadyumu,,Head-to-Head,
15,Sun,2026-12-13,,Alanyaspor,,Samsunspor,,GAİN Park Stadyumu,,Head-to-Head,
15,Sun,2026-12-13,,Fenerbahçe,,Trabzonspor,,Chobani Stadyumu Fenerbahçe Şükrü Saraco...,,Head-to-Head,
15,Sun,2026-12-13,,Gaziantep,,Beşiktaş,,Gaziantep Stadyumu,,Head-to-Head,
15,Sun,2026-12-13,,Rizespor,,Başakşehir,,Çaykur Didi Stadyumu,,Head-to-Head,
,,,,,,,,,,,
Wk,Day,Date,Time,Home,Score,Away,Attendance,Venue,Referee,Match Report,Notes
16,Sun,2026-12-20,,Galatasaray,,Alanyaspor,,RAMS Park,,Head-to-Head,
16,Sun,2026-12-20,,Samsunspor,,Gaziantep,,Yeni 19 Mayıs Stadyumu,,Head-to-Head,
16,Sun,2026-12-20,,Gençlerbirliği,,Yeni Çorumspor,,Eryaman Stadyumu,,Head-to-Head,
16,Sun,2026-12-20,,Konyaspor,,Eyüpspor,,Konya Büyükşehir Stadı,,Head-to-Head,
16,Sun,2026-12-20,,Başakşehir,,Erzurum BB,,Başakşehir Fatih Terim Stadium,,Head-to-Head,
16,Sun,2026-12-20,,Trabzonspor,,Kocaelispor,,Papara Park Stadyumu,,Head-to-Head,
16,Sun,2026-12-20,,Kasımpaşa,,Fenerbahçe,,Recep Tayyip Erdoğan Stadyumu,,Head-to-Head,
16,Sun,2026-12-20,,Amedspor,,Göztepe,,Diyarbakır Yeni Stadyumu,,Head-to-Head,
16,Sun,2026-12-20,,Beşiktaş,,Rizespor,,Tüpraş Stadyumu,,Head-to-Head,
,,,,,,,,,,,
17,Sun,2027-01-17,,Gaziantep,,Galatasaray,,Gaziantep Stadyumu,,Head-to-Head,
17,Sun,2027-01-17,,Erzurum BB,,Trabzonspor,,Kazım Karabekir Stadyumu,,Head-to-Head,
17,Sun,2027-01-17,,Fenerbahçe,,Amedspor,,Chobani Stadyumu Fenerbahçe Şükrü Saraco...,,Head-to-Head,
17,Sun,2027-01-17,,Alanyaspor,,Başakşehir,,GAİN Park Stadyumu,,Head-to-Head,
17,Sun,2027-01-17,,Yeni Çorumspor,,Konyaspor,,Çorum Şehir Stadyumu,,Head-to-Head,
17,Sun,2027-01-17,,Eyüpspor,,Samsunspor,,Necmi Kadıoğlu Stadyumu,,Head-to-Head,
17,Sun,2027-01-17,,Rizespor,,Gençlerbirliği,,Çaykur Didi Stadyumu,,Head-to-Head,
17,Sun,2027-01-17,,Göztepe,,Beşiktaş,,Gürsel Aksel Stadyumu,,Head-to-Head,
17,Sun,2027-01-17,,Kocaelispor,,Kasımpaşa,,Yıldız Entegre Kocaeli Stadyumu,,Head-to-Head,
,,,,,,,,,,,
18,Sun,2027-01-24,,Trabzonspor,,Kasımpaşa,,Papara Park Stadyumu,,Head-to-Head,
18,Sun,2027-01-24,,Rizespor,,Konyaspor,,Çaykur Didi Stadyumu,,Head-to-Head,
18,Sun,2027-01-24,,Eyüpspor,,Beşiktaş,,Necmi Kadıoğlu Stadyumu,,Head-to-Head,
18,Sun,2027-01-24,,Kocaelispor,,Başakşehir,,Yıldız Entegre Kocaeli Stadyumu,,Head-to-Head,
18,Sun,2027-01-24,,Erzurum BB,,Amedspor,,Kazım Karabekir Stadyumu,,Head-to-Head,
18,Sun,2027-01-24,,Yeni Çorumspor,,Galatasaray,,Çorum Şehir Stadyumu,,Head-to-Head,
18,Sun,2027-01-24,,Göztepe,,Samsunspor,,Gürsel Aksel Stadyumu,,Head-to-Head,
18,Sun,2027-01-24,,Alanyaspor,,Gaziantep,,GAİN Park Stadyumu,,Head-to-Head,
18,Sun,2027-01-24,,Fenerbahçe,,Gençlerbirliği,,Chobani Stadyumu Fenerbahçe Şükrü Saraco...,,Head-to-Head,
,,,,,,,,,,,
Wk,Day,Date,Time,Home,Score,Away,Attendance,Venue,Referee,Match Report,Notes
19,Sun,2027-01-31,,Konyaspor,,Fenerbahçe,,Konya Büyükşehir Stadı,,Head-to-Head,
19,Sun,2027-01-31,,Kasımpaşa,,Yeni Çorumspor,,Recep Tayyip Erdoğan Stadyumu,,Head-to-Head,
19,Sun,2027-01-31,,Galatasaray,,Erzurum BB,,RAMS Park,,Head-to-Head,
19,Sun,2027-01-31,,Amedspor,,Kocaelispor,,Diyarbakır Yeni Stadyumu,,Head-to-Head,
19,Sun,2027-01-31,,Samsunspor,,Rizespor,,Yeni 19 Mayıs Stadyumu,,Head-to-Head,
19,Sun,2027-01-31,,Beşiktaş,,Alanyaspor,,Tüpraş Stadyumu,,Head-to-Head,
19,Sun,2027-01-31,,Başakşehir,,Trabzonspor,,Başakşehir Fatih Terim Stadium,,Head-to-Head,
19,Sun,2027-01-31,,Gençlerbirliği,,Göztepe,,Eryaman Stadyumu,,Head-to-Head,
19,Sun,2027-01-31,,Gaziantep,,Eyüpspor,,Gaziantep Stadyumu,,Head-to-Head,
,,,,,,,,,,,
20,Sun,2027-02-07,,Erzurum BB,,Gençlerbirliği,,Kazım Karabekir Stadyumu,,Head-to-Head,
20,Sun,2027-02-07,,Alanyaspor,,Eyüpspor,,GAİN Park Stadyumu,,Head-to-Head,
20,Sun,2027-02-07,,Kocaelispor,,Konyaspor,,Yıldız Entegre Kocaeli Stadyumu,,Head-to-Head,
20,Sun,2027-02-07,,Rizespor,,Gaziantep,,Çaykur Didi Stadyumu,,Head-to-Head,
20,Sun,2027-02-07,,Yeni Çorumspor,,Beşiktaş,,Çorum Şehir Stadyumu,,Head-to-Head,
20,Sun,2027-02-07,,Kasımpaşa,,Başakşehir,,Recep Tayyip Erdoğan Stadyumu,,Head-to-Head,
20,Sun,2027-02-07,,Trabzonspor,,Amedspor,,Papara Park Stadyumu,,Head-to-Head,
20,Sun,2027-02-07,,Göztepe,,Galatasaray,,Gürsel Aksel Stadyumu,,Head-to-Head,
20,Sun,2027-02-07,,Fenerbahçe,,Samsunspor,,Chobani Stadyumu Fenerbahçe Şükrü Saraco...,,Head-to-Head,
,,,,,,,,,,,
21,Sun,2027-02-14,,Samsunspor,,Kocaelispor,,Yeni 19 Mayıs Stadyumu,,Head-to-Head,
21,Sun,2027-02-14,,Gençlerbirliği,,Trabzonspor,,Eryaman Stadyumu,,Head-to-Head,
21,Sun,2027-02-14,,Galatasaray,,Başakşehir,,RAMS Park,,Head-to-Head,
21,Sun,2027-02-14,,Amedspor,,Kasımpaşa,,Diyarbakır Yeni Stadyumu,,Head-to-Head,
21,Sun,2027-02-14,,Alanyaspor,,Rizespor,,GAİN Park Stadyumu,,Head-to-Head,
21,Sun,2027-02-14,,Gaziantep,,Göztepe,,Gaziantep Stadyumu,,Head-to-Head,
21,Sun,2027-02-14,,Beşiktaş,,Fenerbahçe,,Tüpraş Stadyumu,,Head-to-Head,
21,Sun,2027-02-14,,Eyüpspor,,Yeni Çorumspor,,Necmi Kadıoğlu Stadyumu,,Head-to-Head,
21,Sun,2027-02-14,,Konyaspor,,Erzurum BB,,Konya Büyükşehir Stadı,,Head-to-Head,
,,,,,,,,,,,
Wk,Day,Date,Time,Home,Score,Away,Attendance,Venue,Referee,Match Report,Notes
22,Sun,2027-02-21,,Rizespor,,Eyüpspor,,Çaykur Didi Stadyumu,,Head-to-Head,
22,Sun,2027-02-21,,Başakşehir,,Amedspor,,Başakşehir Fatih Terim Stadium,,Head-to-Head,
22,Sun,2027-02-21,,Trabzonspor,,Konyaspor,,Papara Park Stadyumu,,Head-to-Head,
22,Sun,2027-02-21,,Kasımpaşa,,Gençlerbirliği,,Recep Tayyip Erdoğan Stadyumu,,Head-to-Head,
22,Sun,2027-02-21,,Kocaelispor,,Galatasaray,,Yıldız Entegre Kocaeli Stadyumu,,Head-to-Head,
22,Sun,2027-02-21,,Erzurum BB,,Beşiktaş,,Kazım Karabekir Stadyumu,,Head-to-Head,
22,Sun,2027-02-21,,Göztepe,,Alanyaspor,,Gürsel Aksel Stadyumu,,Head-to-Head,
22,Sun,2027-02-21,,Fenerbahçe,,Gaziantep,,Chobani Stadyumu Fenerbahçe Şükrü Saraco...,,Head-to-Head,
22,Sun,2027-02-21,,Yeni Çorumspor,,Samsunspor,,Çorum Şehir Stadyumu,,Head-to-Head,
,,,,,,,,,,,
23,Sun,2027-02-28,,Samsunspor,,Erzurum BB,,Yeni 19 Mayıs Stadyumu,,Head-to-Head,
23,Sun,2027-02-28,,Eyüpspor,,Fenerbahçe,,Necmi Kadıoğlu Stadyumu,,Head-to-Head,
23,Sun,2027-02-28,,Beşiktaş,,Amedspor,,Tüpraş Stadyumu,,Head-to-Head,
23,Sun,2027-02-28,,Alanyaspor,,Yeni Çorumspor,,GAİN Park Stadyumu,,Head-to-Head,
23,Sun,2027-02-28,,Galatasaray,,Trabzonspor,,RAMS Park,,Head-to-Head,
23,Sun,2027-02-28,,Gençlerbirliği,,Başakşehir,,Eryaman Stadyumu,,Head-to-Head,
23,Sun,2027-02-28,,Gaziantep,,Kocaelispor,,Gaziantep Stadyumu,,Head-to-Head,
23,Sun,2027-02-28,,Konyaspor,,Kasımpaşa,,Konya Büyükşehir Stadı,,Head-to-Head,
23,Sun,2027-02-28,,Rizespor,,Göztepe,,Çaykur Didi Stadyumu,,Head-to-Head,
,,,,,,,,,,,
24,Sun,2027-03-07,,Kasımpaşa,,Galatasaray,,Recep Tayyip Erdoğan Stadyumu,,Head-to-Head,
24,Sun,2027-03-07,,Trabzonspor,,Samsunspor,,Papara Park Stadyumu,,Head-to-Head,
24,Sun,2027-03-07,,Göztepe,,Eyüpspor,,Gürsel Aksel Stadyumu,,Head-to-Head,
24,Sun,2027-03-07,,Erzurum BB,,Alanyaspor,,Kazım Karabekir Stadyumu,,Head-to-Head,
24,Sun,2027-03-07,,Kocaelispor,,Beşiktaş,,Yıldız Entegre Kocaeli Stadyumu,,Head-to-Head,
24,Sun,2027-03-07,,Amedspor,,Gençlerbirliği,,Diyarbakır Yeni Stadyumu,,Head-to-Head,
24,Sun,2027-03-07,,Fenerbahçe,,Rizespor,,Chobani Stadyumu Fenerbahçe Şükrü Saraco...,,Head-to-Head,
24,Sun,2027-03-07,,Başakşehir,,Konyaspor,,Başakşehir Fatih Terim Stadium,,Head-to-Head,
24,Sun,2027-03-07,,Yeni Çorumspor,,Gaziantep,,Çorum Şehir Stadyumu,,Head-to-Head,
,,,,,,,,,,,
Wk,Day,Date,Time,Home,Score,Away,Attendance,Venue,Referee,Match Report,Notes
25,Sun,2027-03-14,,Gaziantep,,Başakşehir,,Gaziantep Stadyumu,,Head-to-Head,
25,Sun,2027-03-14,,Konyaspor,,Amedspor,,Konya Büyükşehir Stadı,,Head-to-Head,
25,Sun,2027-03-14,,Samsunspor,,Kasımpaşa,,Yeni 19 Mayıs Stadyumu,,Head-to-Head,
25,Sun,2027-03-14,,Beşiktaş,,Trabzonspor,,Tüpraş Stadyumu,,Head-to-Head,
25,Sun,2027-03-14,,Rizespor,,Yeni Çorumspor,,Çaykur Didi Stadyumu,,Head-to-Head,
25,Sun,2027-03-14,,Galatasaray,,Gençlerbirliği,,RAMS Park,,Head-to-Head,
25,Sun,2027-03-14,,Eyüpspor,,Erzurum BB,,Necmi Kadıoğlu Stadyumu,,Head-to-Head,
25,Sun,2027-03-14,,Alanyaspor,,Fenerbahçe,,GAİN Park Stadyumu,,Head-to-Head,
25,Sun,2027-03-14,,Göztepe,,Kocaelispor,,Gürsel Aksel Stadyumu,,Head-to-Head,
,,,,,,,,,,,
26,Sun,2027-03-21,,Yeni Çorumspor,,Göztepe,,Çorum Şehir Stadyumu,,Head-to-Head,
26,Sun,2027-03-21,,Trabzonspor,,Rizespor,,Papara Park Stadyumu,,Head-to-Head,
26,Sun,2027-03-21,,Başakşehir,,Beşiktaş,,Başakşehir Fatih Terim Stadium,,Head-to-Head,
26,Sun,2027-03-21,,Erzurum BB,,Gaziantep,,Kazım Karabekir Stadyumu,,Head-to-Head,
26,Sun,2027-03-21,,Gençlerbirliği,,Konyaspor,,Eryaman Stadyumu,,Head-to-Head,
26,Sun,2027-03-21,,Kasımpaşa,,Eyüpspor,,Recep Tayyip Erdoğan Stadyumu,,Head-to-Head,
26,Sun,2027-03-21,,Amedspor,,Samsunspor,,Diyarbakır Yeni Stadyumu,,Head-to-Head,
26,Sun,2027-03-21,,Fenerbahçe,,Galatasaray,,Chobani Stadyumu Fenerbahçe Şükrü Saraco...,,Head-to-Head,
26,Sun,2027-03-21,,Kocaelispor,,Alanyaspor,,Yıldız Entegre Kocaeli Stadyumu,,Head-to-Head,
,,,,,,,,,,,
27,Sun,2027-04-04,,Galatasaray,,Konyaspor,,RAMS Park,,Head-to-Head,
27,Sun,2027-04-04,,Samsunspor,,Başakşehir,,Yeni 19 Mayıs Stadyumu,,Head-to-Head,
27,Sun,2027-04-04,,Gaziantep,,Trabzonspor,,Gaziantep Stadyumu,,Head-to-Head,
27,Sun,2027-04-04,,Eyüpspor,,Amedspor,,Necmi Kadıoğlu Stadyumu,,Head-to-Head,
27,Sun,2027-04-04,,Beşiktaş,,Kasımpaşa,,Tüpraş Stadyumu,,Head-to-Head,
27,Sun,2027-04-04,,Rizespor,,Kocaelispor,,Çaykur Didi Stadyumu,,Head-to-Head,
27,Sun,2027-04-04,,Göztepe,,Fenerbahçe,,Gürsel Aksel Stadyumu,,Head-to-Head,
27,Sun,2027-04-04,,Alanyaspor,,Gençlerbirliği,,GAİN Park Stadyumu,,Head-to-Head,
27,Sun,2027-04-04,,Yeni Çorumspor,,Erzurum BB,,Çorum Şehir Stadyumu,,Head-to-Head,
,,,,,,,,,,,
Wk,Day,Date,Time,Home,Score,Away,Attendance,Venue,Referee,Match Report,Notes
28,Sun,2027-04-11,,Amedspor,,Galatasaray,,Diyarbakır Yeni Stadyumu,,Head-to-Head,
28,Sun,2027-04-11,,Erzurum BB,,Rizespor,,Kazım Karabekir Stadyumu,,Head-to-Head,
28,Sun,2027-04-11,,Fenerbahçe,,Yeni Çorumspor,,Chobani Stadyumu Fenerbahçe Şükrü Saraco...,,Head-to-Head,
28,Sun,2027-04-11,,Trabzonspor,,Alanyaspor,,Papara Park Stadyumu,,Head-to-Head,
28,Sun,2027-04-11,,Konyaspor,,Samsunspor,,Konya Büyükşehir Stadı,,Head-to-Head,
28,Sun,2027-04-11,,Kasımpaşa,,Gaziantep,,Recep Tayyip Erdoğan Stadyumu,,Head-to-Head,
28,Sun,2027-04-11,,Başakşehir,,Göztepe,,Başakşehir Fatih Terim Stadium,,Head-to-Head,
28,Sun,2027-04-11,,Kocaelispor,,Eyüpspor,,Yıldız Entegre Kocaeli Stadyumu,,Head-to-Head,
28,Sun,2027-04-11,,Gençlerbirliği,,Beşiktaş,,Eryaman Stadyumu,,Head-to-Head,
,,,,,,,,,,,
29,Sun,2027-04-18,,Yeni Çorumspor,,Başakşehir,,Çorum Şehir Stadyumu,,Head-to-Head,
29,Sun,2027-04-18,,Fenerbahçe,,Kocaelispor,,Chobani Stadyumu Fenerbahçe Şükrü Saraco...,,Head-to-Head,
29,Sun,2027-04-18,,Alanyaspor,,Kasımpaşa,,GAİN Park Stadyumu,,Head-to-Head,
29,Sun,2027-04-18,,Rizespor,,Amedspor,,Çaykur Didi Stadyumu,,Head-to-Head,
29,Sun,2027-04-18,,Göztepe,,Erzurum BB,,Gürsel Aksel Stadyumu,,Head-to-Head,
29,Sun,2027-04-18,,Eyüpspor,,Trabzonspor,,Necmi Kadıoğlu Stadyumu,,Head-to-Head,
29,Sun,2027-04-18,,Samsunspor,,Galatasaray,,Yeni 19 Mayıs Stadyumu,,Head-to-Head,
29,Sun,2027-04-18,,Gaziantep,,Gençlerbirliği,,Gaziantep Stadyumu,,Head-to-Head,
29,Sun,2027-04-18,,Beşiktaş,,Konyaspor,,Tüpraş Stadyumu,,Head-to-Head,
,,,,,,,,,,,
30,Sun,2027-04-25,,Galatasaray,,Beşiktaş,,RAMS Park,,Head-to-Head,
30,Sun,2027-04-25,,Kocaelispor,,Yeni Çorumspor,,Yıldız Entegre Kocaeli Stadyumu,,Head-to-Head,
30,Sun,2027-04-25,,Amedspor,,Gaziantep,,Diyarbakır Yeni Stadyumu,,Head-to-Head,
30,Sun,2027-04-25,,Konyaspor,,Alanyaspor,,Konya Büyükşehir Stadı,,Head-to-Head,
30,Sun,2027-04-25,,Trabzonspor,,Göztepe,,Papara Park Stadyumu,,Head-to-Head,
30,Sun,2027-04-25,,Başakşehir,,Eyüpspor,,Başakşehir Fatih Terim Stadium,,Head-to-Head,
30,Sun,2027-04-25,,Kasımpaşa,,Rizespor,,Recep Tayyip Erdoğan Stadyumu,,Head-to-Head,
30,Sun,2027-04-25,,Gençlerbirliği,,Samsunspor,,Eryaman Stadyumu,,Head-to-Head,
30,Sun,2027-04-25,,Erzurum BB,,Fenerbahçe,,Kazım Karabekir Stadyumu,,Head-to-Head,
,,,,,,,,,,,
Wk,Day,Date,Time,Home,Score,Away,Attendance,Venue,Referee,Match Report,Notes
31,Sun,2027-05-02,,Rizespor,,Galatasaray,,Çaykur Didi Stadyumu,,Head-to-Head,
31,Sun,2027-05-02,,Eyüpspor,,Gençlerbirliği,,Necmi Kadıoğlu Stadyumu,,Head-to-Head,
31,Sun,2027-05-02,,Alanyaspor,,Amedspor,,GAİN Park Stadyumu,,Head-to-Head,
31,Sun,2027-05-02,,Kocaelispor,,Erzurum BB,,Yıldız Entegre Kocaeli Stadyumu,,Head-to-Head,
31,Sun,2027-05-02,,Samsunspor,,Beşiktaş,,Yeni 19 Mayıs Stadyumu,,Head-to-Head,
31,Sun,2027-05-02,,Yeni Çorumspor,,Trabzonspor,,Çorum Şehir Stadyumu,,Head-to-Head,
31,Sun,2027-05-02,,Gaziantep,,Konyaspor,,Gaziantep Stadyumu,,Head-to-Head,
31,Sun,2027-05-02,,Göztepe,,Kasımpaşa,,Gürsel Aksel Stadyumu,,Head-to-Head,
31,Sun,2027-05-02,,Fenerbahçe,,Başakşehir,,Chobani Stadyumu Fenerbahçe Şükrü Saraco...,,Head-to-Head,
,,,,,,,,,,,
32,Sun,2027-05-09,,Galatasaray,,Eyüpspor,,RAMS Park,,Head-to-Head,
32,Sun,2027-05-09,,Kasımpaşa,,Erzurum BB,,Recep Tayyip Erdoğan Stadyumu,,Head-to-Head,
32,Sun,2027-05-09,,Başakşehir,,Rizespor,,Başakşehir Fatih Terim Stadium,,Head-to-Head,
32,Sun,2027-05-09,,Gençlerbirliği,,Kocaelispor,,Eryaman Stadyumu,,Head-to-Head,
32,Sun,2027-05-09,,Amedspor,,Yeni Çorumspor,,Diyarbakır Yeni Stadyumu,,Head-to-Head,
32,Sun,2027-05-09,,Beşiktaş,,Gaziantep,,Tüpraş Stadyumu,,Head-to-Head,
32,Sun,2027-05-09,,Konyaspor,,Göztepe,,Konya Büyükşehir Stadı,,Head-to-Head,
32,Sun,2027-05-09,,Trabzonspor,,Fenerbahçe,,Papara Park Stadyumu,,Head-to-Head,
32,Sun,2027-05-09,,Samsunspor,,Alanyaspor,,Yeni 19 Mayıs Stadyumu,,Head-to-Head,
,,,,,,,,,,,
33,Sun,2027-05-16,,Gaziantep,,Samsunspor,,Gaziantep Stadyumu,,Head-to-Head,
33,Sun,2027-05-16,,Fenerbahçe,,Kasımpaşa,,Chobani Stadyumu Fenerbahçe Şükrü Saraco...,,Head-to-Head,
33,Sun,2027-05-16,,Alanyaspor,,Galatasaray,,GAİN Park Stadyumu,,Head-to-Head,
33,Sun,2027-05-16,,Göztepe,,Amedspor,,Gürsel Aksel Stadyumu,,Head-to-Head,
33,Sun,2027-05-16,,Eyüpspor,,Konyaspor,,Necmi Kadıoğlu Stadyumu,,Head-to-Head,
33,Sun,2027-05-16,,Kocaelispor,,Trabzonspor,,Yıldız Entegre Kocaeli Stadyumu,,Head-to-Head,
33,Sun,2027-05-16,,Rizespor,,Beşiktaş,,Çaykur Didi Stadyumu,,Head-to-Head,
33,Sun,2027-05-16,,Erzurum BB,,Başakşehir,,Kazım Karabekir Stadyumu,,Head-to-Head,
33,Sun,2027-05-16,,Yeni Çorumspor,,Gençlerbirliği,,Çorum Şehir Stadyumu,,Head-to-Head,
,,,,,,,,,,,
Wk,Day,Date,Time,Home,Score,Away,Attendance,Venue,Referee,Match Report,Notes
34,Sun,2027-05-23,,Başakşehir,,Alanyaspor,,Başakşehir Fatih Terim Stadium,,Head-to-Head,
34,Sun,2027-05-23,,Kasımpaşa,,Kocaelispor,,Recep Tayyip Erdoğan Stadyumu,,Head-to-Head,
34,Sun,2027-05-23,,Amedspor,,Fenerbahçe,,Diyarbakır Yeni Stadyumu,,Head-to-Head,
34,Sun,2027-05-23,,Galatasaray,,Gaziantep,,RAMS Park,,Head-to-Head,
34,Sun,2027-05-23,,Beşiktaş,,Göztepe,,Tüpraş Stadyumu,,Head-to-Head,
34,Sun,2027-05-23,,Samsunspor,,Eyüpspor,,Yeni 19 Mayıs Stadyumu,,Head-to-Head,
34,Sun,2027-05-23,,Gençlerbirliği,,Rizespor,,Eryaman Stadyumu,,Head-to-Head,
34,Sun,2027-05-23,,Konyaspor,,Yeni Çorumspor,,Konya Büyükşehir Stadı,,Head-to-Head,
34,Sun,2027-05-23,,Trabzonspor,,Erzurum BB,,Papara Park Stadyumu,,Head-to-Head,
